{
    "loss": 0.016311628744006157,
    "accuracy": 0.9901960492134094
}