{
    "loss": 12.883872032165527,
    "accuracy": 0.4313725531101227
}