{
    "loss": 7.79921817779541,
    "accuracy": 0.4313725531101227
}